planta,flora nome,flora status,plant nome,plant status,comparacao
Dicliptera ciliaris,Dicliptera ciliaris Juss.,nome aceito,Dicliptera ciliaris Juss.,nome aceito,igual
Dyschoriste maranhonis,none,none,none,none,igual
Hygrophila costata,none,none,none,none,igual
Hygrophila guianensis,none,none,none,none,igual
Hygrophila helodes,none,none,none,none,igual
Justicia comata,none,none,none,none,igual
Justicia aequilabris,none,none,none,none,igual
Justicia laevilinguis,none,none,none,none,igual
Justia pectoralis,none,none,none,none,igual
Nelsonia brunelloides,none,none,none,none,igual
Ruellia bahiensis,none,none,none,none,igual
Ruellia paniculata,none,none,none,none,igual
Sesuvium portulacastrum,none,none,none,none,igual
Echinodorus andrieuxii,none,none,none,none,igual
Echinodorus argentinensis,none,none,none,none,igual
Echinodorus aschersonianus,none,none,none,none,igual
Echinodorus bolivianus,none,none,none,none,igual
Echinodorus cordifolius,none,none,none,none,igual
Echinodorus floribundus,none,none,none,none,igual
Echinodorus glandulosus,none,none,none,none,igual
Echinodorus grandiflorus,none,none,none,none,igual
Echinodorus grisebachii,none,none,none,none,igual
Echinodorus lanceolatus,none,none,none,none,igual
Echinodorus longipetalus,none,none,none,none,igual
Echinodorus longiscapus,none,none,none,none,igual
Echinodorus macrophyllus,none,none,none,none,igual
Echinodorus palaefolius,none,none,none,none,igual
Echinodorus paniculatus,none,none,none,none,igual
Echinodorus pubescens,none,none,none,none,igual
Echinodorus ranunculoides,none,none,none,none,igual
Echinodorus reticulatus,none,none,none,none,igual
Echinodorus scaber,none,none,none,none,igual
Echinodorus subalatus,none,none,none,none,igual
Echinodorus tenellus,none,none,none,none,igual
Echinodorus teretoscapus,none,none,none,none,igual
Helanthium tenellum,none,none,none,none,igual
Hydrocleys martii,none,none,none,none,igual
Hydrocleys nymphoides,none,none,none,none,igual
Hydrocleys parviflora,none,none,none,none,igual
Limnocharis flava,none,none,none,none,igual
Limnocharis laforestii,none,none,none,none,igual
Sagittaria guayanensis,none,none,none,none,igual
Sagittaria lancifolia,none,none,none,none,igual
Sagittaria montevidensis,none,none,none,none,igual
Sagittaria planitiana,none,none,none,none,igual
Sagittaria rhombifolia,none,none,none,none,igual
Sagittaria sprucei,none,none,none,none,igual
Alstroemeria isabellana,none,none,none,none,igual
Alternanthera aquatica,none,none,none,none,igual
Alternanthera brasiliana,none,none,none,none,igual
Alternanthera paronychioides,none,none,none,none,igual
Alternanthera philoxeroides,none,none,none,none,igual
Alternanthera pilosa,none,none,none,none,igual
Alternanthera tenella,none,none,none,none,igual
Amaranthus spinosus,none,none,none,none,igual
Amaranthus viridis,none,none,none,none,igual
Atriplex montevidensis,none,none,none,none,igual
Atriplex undulata,none,none,none,none,igual
Blutaparon portulacoides,none,none,none,none,igual
Chamissoa altissima,none,none,none,none,igual
Chenopodium ambrosioides,none,none,none,none,igual
Gomphrena demissa,none,none,none,none,igual
Gomphrena elegans,none,none,none,none,igual
Hebanthe paniculata,none,none,none,none,igual
Pfaffia glomerata,none,none,none,none,igual
Pfaffia pulverulenta,none,none,none,none,igual
Pfaffia iresinoides,none,none,none,none,igual
Salicornia ambigua,none,none,none,none,igual
Salicornia gaudichaudiana,none,none,none,none,igual
Crinum americanum,none,none,none,none,igual
Hyppeastrum angustifolium,none,none,none,none,igual
Schinus terenbinthifolius,none,none,none,none,igual
Centella asiatica,none,none,none,none,igual
Eryngium ebracteatum,none,none,none,none,igual
Eryngium eburneum,none,none,none,none,igual
Eryngium ekmanii,none,none,none,none,igual
Eryngium pandanifolium,none,none,none,none,igual
Hydrocotyle ranunculoides,none,none,none,none,igual
Hydrocotyle verticillata,none,none,none,none,igual
Lilaeopsis attenuata,none,none,none,none,igual
Lilaeopsis brasiliensis,none,none,none,none,igual
Lilaeopsis carolinensis,none,none,none,none,igual
Lilaeopsis tenuis,none,none,none,none,igual
Allamanda cathartica,none,none,none,none,igual
Allamanda nobilis,none,none,none,none,igual
Ditassa hastata,none,none,none,none,igual
Mandevilla clandestina,none,none,none,none,igual
Mandevilla hirsuta,none,none,none,none,igual
Mandevilla tenuifolia,none,none,none,none,igual
Odontadenia nitida,none,none,none,none,igual
Oxypetalum pachyglossum,none,none,none,none,igual
Oxypetalum tubatum,none,none,none,none,igual
Rhabdadenia biflora,none,none,none,none,igual
Rhabdadenia madida,none,none,none,none,igual
Rhabdanenia pohlii,none,none,none,none,igual
Alocasia macrorrhiza,none,none,none,none,igual
Colocasia esculenta,none,none,none,none,igual
Dracontium longipes,none,none,none,none,igual
Landoltia punctata,none,none,none,none,igual
Lemna aequinoctialis,none,none,none,none,igual
Lemna gibba,none,none,none,none,igual
Lemna minuta,none,none,none,none,igual
Lemna valdiviana,none,none,none,none,igual
Montrichardia arborescens,none,none,none,none,igual
Montrichiardia linifera,none,none,none,none,igual
Philodendron brasiliense,none,none,none,none,igual
Philodendron rudgeanum,none,none,none,none,igual
Pistia stratioides,none,none,none,none,igual
Spirodela intermedia,none,none,none,none,igual
Urospatha sagittifolia,none,none,none,none,igual
Wolffia arrhiza,none,none,none,none,igual
Wolffia brasiliensis,none,none,none,none,igual
Wolffia columbiana,none,none,none,none,igual
Wolffiella lingulata,none,none,none,none,igual
Wollffiella oblonga,none,none,none,none,igual
Wolffiella welwitschii,none,none,none,none,igual
Xanthosoma aristiguietae,none,none,none,none,igual
Zantedeschia aethiopica,none,none,none,none,igual
Hydrocotyle bonariensis,none,none,none,none,igual
Hydrocotyle leucocephala,none,none,none,none,igual
Hydrolotyle pussilla,none,none,none,none,igual
Hydrocotyle ranunculoides,none,none,none,none,igual
Hydrocotyle verticillata,none,none,none,none,igual
Bactris maraja,none,none,none,none,igual
Mauritia carana,none,none,none,none,igual
Mauritiella armata,none,none,none,none,igual
Aristolochia macroura,none,none,none,none,igual
Roullinia montevidensis,none,none,none,none,igual
Acanthospermum australe,none,none,none,none,igual
Acanthospermum hispidum,none,none,none,none,igual
Achyrocline alata,none,none,none,none,igual
Acilepdopsis echitifolia,none,none,none,none,igual
Acmella uliginosa,none,none,none,none,igual
Adenostemma brasilianum,none,none,none,none,igual
Ageratum conyzoides,none,none,none,none,igual
Ambrosia artemisiaefolia,none,none,none,none,igual
Aster squamatus,none,none,none,none,igual
Baccharis microcephala,none,none,none,none,igual
Baccharis penningtonii,none,none,none,none,igual
Baccharis spicata,none,none,none,none,igual
Baccharis usteri,none,none,none,none,igual
Baccharidastrum triplinerve,none,none,none,none,igual
Barrosoa betonicaeformis,none,none,none,none,igual
Bidens laevis,none,none,none,none,igual
Blainvillea dichotoma,none,none,none,none,igual
Centratherum punctatum,none,none,none,none,igual
Calea marginata,none,none,none,none,igual
Campuloclinium purpurascens,none,none,none,none,igual
Chaptalia graminifolia,none,none,none,none,igual
Chrysolaena platensis,none,none,none,none,igual
Clibadium amanii,none,none,none,none,igual
Conyza bonariensis,none,none,none,none,igual
Conyza sumatrensis,none,none,none,none,igual
Cotula coronopifolia,none,none,none,none,igual
Delilia biflora,none,none,none,none,igual
Eclipta megapotamica,none,none,none,none,igual
Eclipta prostrata,none,none,none,none,igual
Egletes viscosa,none,none,none,none,igual
Elephantopus mollis,none,none,none,none,igual
Emilia coccinea,none,none,none,none,igual
Emilia sonchifolia,none,none,none,none,igual
Enydra anagallis,none,none,none,none,igual
Enydra radicans,none,none,none,none,igual
Enydra sessilis,none,none,none,none,igual
Enydra virularis,none,none,none,none,igual
Erechtites hieracifolia,none,none,none,none,igual
Erechtites hieracifolius,none,none,none,none,igual
Erechtites valerianifolius,none,none,none,none,igual
Erigeron maximus,none,none,none,none,igual
Eupatorium bupleurifolium,none,none,none,none,igual
Eupatorium candolleanum,none,none,none,none,igual
Eupatorium subhastatum,none,none,none,none,igual
Eupatorium tremulum,none,none,none,none,igual
Eupatorium tweedianum,none,none,none,none,igual
Gamochaeta americana,none,none,none,none,igual
Gnaphalium spicatum,none,none,none,none,igual
Grazielia intermedia,none,none,none,none,igual
Gymnocoronis spilanthoides,none,none,none,none,igual
Jaegeria hirta,none,none,none,none,igual
Jungia floribunda,none,none,none,none,igual
Lepidaploa chalybaea,none,none,none,none,igual
Lessingianthus glabratus,none,none,none,none,igual
Mikania congesta,none,none,none,none,igual
Mikania cordifolia,none,none,none,none,igual
Mikania micrantha,none,none,none,none,igual
Mikania periplocifolia,none,none,none,none,igual
Pacourina edulis,none,none,none,none,igual
Picrosia longifolia,none,none,none,none,igual
Pluchea sagittalis,none,none,none,none,igual
Praxelis sanctopaulensis,none,none,none,none,igual
Pterocaulon balansae,none,none,none,none,igual
Richterago radiata,none,none,none,none,igual
Rolandra fruticosa,none,none,none,none,igual
Senecio bonariensis,none,none,none,none,igual
Senecio erisithalifolius,none,none,none,none,igual
Senecio icoglossus,none,none,none,none,igual
Senecio mattfeldianus,none,none,none,none,igual
Senecio tweediei,none,none,none,none,igual
Sonchus oleraceus,none,none,none,none,igual
Sphagneticola trilobata,none,none,none,none,igual
Synedrella nodiflora,none,none,none,none,igual
Tilesia baccata,none,none,none,none,igual
Trichospira verticillata,none,none,none,none,igual
Vernonanthura beyrichii,none,none,none,none,igual
Vernonanthura brasiliana,none,none,none,none,igual
Vernonia scorpioides,none,none,none,none,igual
Wedelia alagoensis,none,none,none,none,igual
Wedelia calycina,none,none,none,none,igual
Impatiens wallerana,none,none,none,none,igual
Begonia cucullata,none,none,none,none,igual
Begonia fischeri,none,none,none,none,igual
Begonia hirtella,none,none,none,none,igual
Begonia reniformis,none,none,none,none,igual
Pleonotoma clematis,none,none,none,none,igual
Tanaecium pyramidatum,none,none,none,none,igual
Tynanthus polyanthus,none,none,none,none,igual
Cordia curassavica,none,none,none,none,igual
Cordia multispicata,none,none,none,none,igual
Cordia superba,none,none,none,none,igual
Cordia tetrandra,none,none,none,none,igual
Euploca procumbens,none,none,none,none,igual
Heliotropium angiospermum,none,none,none,none,igual
Heliotropium elongatum,none,none,none,none,igual
Heliotropium indicum,none,none,none,none,igual
Heliotropium procumbens,none,none,none,none,igual
Tournefortia bicolor,none,none,none,none,igual
Cardamine bonariensis,none,none,none,none,igual
Nasturtium officinale,none,none,none,none,igual
Burmannia australis,none,none,none,none,igual
Burmannia capitata,none,none,none,none,igual
Burmannia flava,none,none,none,none,igual
Cabomba aquatica,none,none,none,none,igual
Cabomba caroliniana,none,none,none,none,igual
Cabomba furcata,none,none,none,none,igual
Cabomba haynesii,none,none,none,none,igual
Centropogon cornutus,none,none,none,none,igual
Lobelia anceps,none,none,none,none,igual
Lobelia aquatica,none,none,none,none,igual
Lobelia camporum,none,none,none,none,igual
Lobelia exaltata,none,none,none,none,igual
Lobelia fistulosa,none,none,none,none,igual
Lobelia nummularioides,none,none,none,none,igual
Lobelia xalapensis,none,none,none,none,igual
Pratia hederacea,none,none,none,none,igual
Siphocampylus sulfereus,none,none,none,none,igual
Canna indica,none,none,none,none,igual
Canna glauca,none,none,none,none,igual
Canna xgeneralis,none,none,none,none,igual
Aneilema umbrosum,none,none,none,none,igual
Callisia filiformis,none,none,none,none,igual
Commelina diffusa,none,none,none,none,igual
Commelina erecta,none,none,none,none,igual
Commelina nudiflora,none,none,none,none,igual
Commelina obliqua,none,none,none,none,igual
Commelina schomburgkiana,none,none,none,none,igual
Dichorisandra hexandra,none,none,none,none,igual
Floscopa glabrata,none,none,none,none,igual
Tripogandra diuretica,none,none,none,none,igual
Anisea cernua,none,none,none,none,igual
Aniseia martinicensi,none,none,none,none,igual
Cressa truxillensis,none,none,none,none,igual
Evolvulus filipes,none,none,none,none,igual
Evolvulus nummularius,none,none,none,none,igual
Evolvulus pohlli,none,none,none,none,igual
Ipomoea alba,none,none,none,none,igual
Ipomoea aquatica,none,none,none,none,igual
Ipomoea asaralifolia,none,none,none,none,igual
Ipomoea asarifolia,none,none,none,none,igual
Ipomoea batatas,none,none,none,none,igual
Ipomoea cairica,none,none,none,none,igual
Ipomoea carnea,none,none,none,none,igual
Ipomoea cynanchifolia,none,none,none,none,igual
Ipomoea fimbriosepala,none,none,none,none,igual
Ipomoea fistulosa,none,none,none,none,igual
Ipomoea indivisa,none,none,none,none,igual
Ipomoea philomega,none,none,none,none,igual
Ipomoea quamoclit,none,none,none,none,igual
Ipomoea setifera,none,none,none,none,igual
Ipomoea setosa,none,none,none,none,igual
Ipomoea serpens,none,none,none,none,igual
Ipomoea squamosa,none,none,none,none,igual
Ipomoea subrevoluta,none,none,none,none,igual
Ipomoea wrightii,none,none,none,none,igual
Iseia luxurians,none,none,none,none,igual
Jacquemontia heterantha,none,none,none,none,igual
Merremia aegyptia,none,none,none,none,igual
Merremia umbellata,none,none,none,none,igual
Operculina hamiltonii,none,none,none,none,igual
Tetralocularia pennellii,none,none,none,none,igual
Costus arabicus,none,none,none,none,igual
Costus spirales,none,none,none,none,igual
Crassula peduncularis,none,none,none,none,igual
Cyclanthera hystrix,none,none,none,none,igual
Elaterium amazonicum,none,none,none,none,igual
Fevillea trilobata,none,none,none,none,igual
Gurania bignoniacea,none,none,none,none,igual
Gurania tricuspidata,none,none,none,none,igual
Luffa operculata,none,none,none,none,igual
Momordica charantia,none,none,none,none,igual
Halodule emarginata,none,none,none,none,igual
Halodule wrightii,none,none,none,none,igual
Abildgaardia ovata,none,none,none,none,igual
Becquerelia cymosa,none,none,none,none,igual
Becquerelia muricata,none,none,none,none,igual
Bulbostylis capillaris,none,none,none,none,igual
Bulbostylis hirtella,none,none,none,none,igual
Bulbostylis junciformis,none,none,none,none,igual
Bulbostylis juncoides,none,none,none,none,igual
Bulbostylis sellowiana,none,none,none,none,igual
Bulbostylis truncata,none,none,none,none,igual
Calyptrocarya longifolia,none,none,none,none,igual
Carex brasiliensis,none,none,none,none,igual
Carex pseudocyperus,none,none,none,none,igual
Cladium jamaicense,none,none,none,none,igual
Cyperus aggregatus,none,none,none,none,igual
Cyperus amabilis,none,none,none,none,igual
Cyperus articulatus,none,none,none,none,igual
Cyperus aristatus,none,none,none,none,igual
Cyperus barrosianus,none,none,none,none,igual
Cyperus berroi,none,none,none,none,igual
Cyperus brevifolius,none,none,none,none,igual
Cyperus cayennensis,none,none,none,none,igual
Cyperus celluloso-reticulatus,none,none,none,none,igual
Cyperus chalaranthus,none,none,none,none,igual
Cyperus compressus,none,none,none,none,igual
Cyperus cornelii-ostenii,none,none,none,none,igual
Cyperus corymbosus,none,none,none,none,igual
Cyperus cuspidatus,none,none,none,none,igual
Cyperus diffusus,none,none,none,none,igual
Cyperus digitatus,none,none,none,none,igual
Cyperus distans,none,none,none,none,igual
Cyperus eragrostis,none,none,none,none,igual
Cyperus esculentus,none,none,none,none,igual
Cyperus fistulosus,none,none,none,none,igual
Cyperus gardneri,none,none,none,none,igual
Cyperus giganteus,none,none,none,none,igual
Cyperus haspan,none,none,none,none,igual
Cyperus hermaphroditus,none,none,none,none,igual
Cyperus imbricatus,none,none,none,none,igual
Cyperus intricatus,none,none,none,none,igual
Cyperus involucratus,none,none,none,none,igual
Cyperus iria,none,none,none,none,igual
Cyperus laetus,none,none,none,none,igual
Cyperus lanceolatus,none,none,none,none,igual
Cyperus laxus,none,none,none,none,igual
Cyperus ligularis,none,none,none,none,igual
Cyperus luzulae,none,none,none,none,igual
Cyperus megapotamicus,none,none,none,none,igual
Cyperus mundtii,none,none,none,none,igual
Cyperus obtusatus,none,none,none,none,igual
Cyperus odoratus,none,none,none,none,igual
Cyperus papyrus,none,none,none,none,igual
Cyperus polystachyus,none,none,none,none,igual
Cyperus prolixus,none,none,none,none,igual
Cyperus reflexus,none,none,none,none,igual
Cyperus rigens,none,none,none,none,igual
Cyperus rotundus,none,none,none,none,igual
Cyperus sesquiflorus,none,none,none,none,igual
Cyperus surinamensis,none,none,none,none,igual
Cyperus uncinulatus,none,none,none,none,igual
Cyperus virens,none,none,none,none,igual
Dialium guianense,none,none,none,none,igual
Diplacrum longifolium,none,none,none,none,igual
Eleocharis acutangula,none,none,none,none,igual
Eleocharis atropurpurea,none,none,none,none,igual
Eleocharis barrosii,none,none,none,none,igual
Eleocharis bonariensis,none,none,none,none,igual
Eleocharis capillacea,none,none,none,none,igual
Eleocharis debilis,none,none,none,none,igual
Eleocharis elata,none,none,none,none,igual
Eleocharis elegans,none,none,none,none,igual
Eleocharis elongata,none,none,none,none,igual
Eleocharis equisetoides,none,none,none,none,igual
Eleocharis filiculmis,none,none,none,none,igual
Eleocharis fistulosa,none,none,none,none,igual
Eleocharis flavescens,none,none,none,none,igual
Eleocharis geniculata,none,none,none,none,igual
Eleocharis interstincta,none,none,none,none,igual
Eleocharis maculosa,none,none,none,none,igual
Eleocharis minarum,none,none,none,none,igual
Eleocharis minima,none,none,none,none,igual
Eleocharis montana,none,none,none,none,igual
Eleocharis mutata,none,none,none,none,igual
Eleocharis nana,none,none,none,none,igual
Eleocharis nodulosa,none,none,none,none,igual
Eleocharis nudipes,none,none,none,none,igual
Eleocharis radicans,none,none,none,none,igual
Eleocharis retroflexa,none,none,none,none,igual
Eleocharis sellowiana,none,none,none,none,igual
Eleocharis subarticulata,none,none,none,none,igual
Eleocharis umbellata,none,none,none,none,igual
Fimbristylis aestivalis,none,none,none,none,igual
Fimbristylis autumnalis,none,none,none,none,igual
Fimbristylis complanata,none,none,none,none,igual
Fimbristylis cymosa,none,none,none,none,igual
Fimbristylis dichotoma,none,none,none,none,igual
Fimbristylis diphylla,none,none,none,none,igual
Fimbristylis miliacea,none,none,none,none,igual
Fimbristylis spadicea,none,none,none,none,igual
Fimbristylis squarrosa,none,none,none,none,igual
Fuirena incompleta,none,none,none,none,igual
Fuirena robusta,none,none,none,none,igual
Fuirena umbellata,none,none,none,none,igual
Hyparrhenia rufa,none,none,none,none,igual
Kyllinga odorata,none,none,none,none,igual
Kyllinga pumila,none,none,none,none,igual
Lipocarpha humboldtiana,none,none,none,none,igual
Lipocarpha micrantha,none,none,none,none,igual
Lipocarpha salzmanniana,none,none,none,none,igual
Lipocarpha sellowiana,none,none,none,none,igual
Oxycaryum cubense,none,none,none,none,igual
Pycreus flavescens,none,none,none,none,igual
Pycreus macrostachyos,none,none,none,none,igual
Pycreus polystachyos,none,none,none,none,igual
Rhynchospora barbata,none,none,none,none,igual
Rhynchospora brittonii,none,none,none,none,igual
Rhynchospora cephalotes,none,none,none,none,igual
Rhynchospora contracta,none,none,none,none,igual
Rhynchospora corymbosa,none,none,none,none,igual
Rhynchospora cyperoides,none,none,none,none,igual
Rhynchospora gigantea,none,none,none,none,igual
Rhynchospora holoschoenoides,none,none,none,none,igual
Rhynchospora marisculus,none,none,none,none,igual
Rhynchospora nervosa,none,none,none,none,igual
Rhynchospora pubera,none,none,none,none,igual
Rhynchospora riparia,none,none,none,none,igual
Rhynchospora schomburgkiana,none,none,none,none,igual
Rhynchospora subplumosa,none,none,none,none,igual
Rhynchospora tenerrima,none,none,none,none,igual
Rhynchospora tenuis,none,none,none,none,igual
Rhynchospora trispicata,none,none,none,none,igual
Rhynchospora velutina,none,none,none,none,igual
Schoenoplectus californicus,none,none,none,none,igual
Scirpus americanus,none,none,none,none,igual
Scirpus californicus,none,none,none,none,igual
Scirpus cubensis,none,none,none,none,igual
Scirpus giganteus,none,none,none,none,igual
Scirpus maritimus,none,none,none,none,igual
Scirpus submersus,none,none,none,none,igual
Scleria bracteata,none,none,none,none,igual
Scleria distans,none,none,none,none,igual
Scleria hirtella,none,none,none,none,igual
Scleria melaleuca,none,none,none,none,igual
Scleria microcarpa,none,none,none,none,igual
Scleria mitis,none,none,none,none,igual
Scleria pterota,none,none,none,none,igual
Scleria secans,none,none,none,none,igual
Scleria soronia,none,none,none,none,igual
Websteria confervoides,none,none,none,none,igual
Dioscorea marginata,none,none,none,none,igual
Drosera communis,none,none,none,none,igual
Drosera intermedia,none,none,none,none,igual
Elatine lindbergii,none,none,none,none,igual
Equisetum giganteum,none,none,none,none,igual
Equisetum hyemale,none,none,none,none,igual
Agarista chlorantha,none,none,none,none,igual
Gaylussacia brasiliensis,none,none,none,none,igual
Eriocaulon angustifolium,none,none,none,none,igual
Eriocaulon aquatile,none,none,none,none,igual
Eriocaulon humboldtii,none,none,none,none,igual
Eriocaulon magnificum,none,none,none,none,igual
Eriocaulon modestum,none,none,none,none,igual
Eriocaulon obtusum,none,none,none,none,igual
Eriocaulon setaceum,none,none,none,none,igual
Leiothrix pilulifera,none,none,none,none,igual
Leiothrix rufula,none,none,none,none,igual
Paepalanthus bifidus,none,none,none,none,igual
Paepalanthus lamarckii,none,none,none,none,igual
Paepalanthus planifolius,none,none,none,none,igual
Paepalanthus tortilis,none,none,none,none,igual
Syngonanthus anomalus,none,none,none,none,igual
Syngonanthus caulescens,none,none,none,none,igual
Syngonanthus chrysanthus,none,none,none,none,igual
Syngonanthus glandulosus,none,none,none,none,igual
Syngonanthus gracilis,none,none,none,none,igual
Syngonanthus oblongus,none,none,none,none,igual
Syngonanthus xeranthemoides,none,none,none,none,igual
Tonina fluviatilis,none,none,none,none,igual
Acalypha arvensis,none,none,none,none,igual
Acalypha poiretii,none,none,none,none,igual
Argythamnia heteropetala,none,none,none,none,igual
Astraea lobata,none,none,none,none,igual
Caperonia castaneifolia,none,none,none,none,igual
Caperonia histrix,none,none,none,none,igual
Caperonia palustris,none,none,none,none,igual
Croton trinitatis,none,none,none,none,igual
Dalechampia scandens,none,none,none,none,igual
Dalechampia tiliifolia,none,none,none,none,igual
Euphorbia hirta,none,none,none,none,igual
Euphorbia hyssopifolia,none,none,none,none,igual
Euphorbia prostrata,none,none,none,none,igual
Euphorbia thymifolia,none,none,none,none,igual
Sapium glandulatum,none,none,none,none,igual
Sesbania schottiana,none,none,none,none,igual
Tonina fluviatilis,none,none,none,none,igual
Adesmia latifolia,none,none,none,none,igual
Aeschynomene americana,none,none,none,none,igual
Aeschynomene ciliata,none,none,none,none,igual
Aeschynomene denticulata,none,none,none,none,igual
Aeschynomene evenia,none,none,none,none,igual
Aeschynomene filosa,none,none,none,none,igual
Aeschynomene fluminensis,none,none,none,none,igual
Aeschynomene indica,none,none,none,none,igual
Aeschynomene mollicula,none,none,none,none,igual
Aeschynomene montevidensis,none,none,none,none,igual
Aeschynomene paniculata,none,none,none,none,igual
Aeschynomene rudis,none,none,none,none,igual
Aeschynomene scabra,none,none,none,none,igual
Aeschynomene sensitiva,none,none,none,none,igual
Aeschynomene virginica,none,none,none,none,igual
Anadenanthera colubrina,none,none,none,none,igual
Calopogonium mucunoides,none,none,none,none,igual
Centrosema brasilianum,none,none,none,none,igual
Centrosema pubescens,none,none,none,none,igual
Chamaecrista calycioides,none,none,none,none,igual
Chamaecrista diphylla,none,none,none,none,igual
Chamaecrista hispidula,none,none,none,none,igual
Chamaecrista nictitans,none,none,none,none,igual
Chamaecrista repens,none,none,none,none,igual
Clitoria falcata,none,none,none,none,igual
Clitoria guianensis,none,none,none,none,igual
Clitoria laurifolia,none,none,none,none,igual
Collaea speciosa,none,none,none,none,igual
Crotalaria brevifolia,none,none,none,none,igual
Crotalaria micans,none,none,none,none,igual
Crotalaria nitens,none,none,none,none,igual
Crotalaria pallida,none,none,none,none,igual
Crotalaria pilosa,none,none,none,none,igual
Crotalaria sagittalis,none,none,none,none,igual
Cymbosema roseum,none,none,none,none,igual
Dalbergia ecastophyllum,none,none,none,none,igual
Desmodium adscendens,none,none,none,none,igual
Desmodium barbatum,none,none,none,none,igual
Desmodium incanum,none,none,none,none,igual
Desmodium tortuosum,none,none,none,none,igual
Dioclea grandiflora,none,none,none,none,igual
Dioclea guianensis,none,none,none,none,igual
Discolobium leptophyllum,none,none,none,none,igual
Discolobium psoraliaefolium,none,none,none,none,igual
Discolobium pulchellum,none,none,none,none,igual
Eriosema simplicifolium,none,none,none,none,igual
Erythrina crista-galli,none,none,none,none,igual
Indigofera hirsuta,none,none,none,none,igual
Indigofera lespedezioides,none,none,none,none,igual
Indigofera sabulicola,none,none,none,none,igual
Inga affinis,none,none,none,none,igual
Inga marginata,none,none,none,none,igual
Inga sessilis,none,none,none,none,igual
Inga uruguensis,none,none,none,none,igual
Lonchocarpus sericeus,none,none,none,none,igual
Macrolobium multijugum,none,none,none,none,igual
Macroptilium gracile,none,none,none,none,igual
Macroptilium lathyroides,none,none,none,none,igual
Mimosa bimucronata,none,none,none,none,igual
Mimosa debilis,none,none,none,none,igual
Mimosa dormiens,none,none,none,none,igual
Mimosa invisa,none,none,none,none,igual
Mimosa pellita,none,none,none,none,igual
Mimosa pigra,none,none,none,none,igual
Mimosa pudica,none,none,none,none,igual
Mimosa setosa,none,none,none,none,igual
Neptunia oleracea,none,none,none,none,igual
Neptunia plena,none,none,none,none,igual
Neptunia prostrata,none,none,none,none,igual
Rhynchosia minima,none,none,none,none,igual
Senna corymbosa,none,none,none,none,igual
Senna obtusifolia,none,none,none,none,igual
Senna occidentalis,none,none,none,none,igual
Senna reticulata,none,none,none,none,igual
Senna uniflora,none,none,none,none,igual
Sesbania exasperata,none,none,none,none,igual
Sesbania punicea,none,none,none,none,igual
Stylosanthes angustifolia,none,none,none,none,igual
Stylosanthes gracilis,none,none,none,none,igual
Stylosanthes guianensis,none,none,none,none,igual
Stylosanthes scabra,none,none,none,none,igual
Stylosanthes viscosa,none,none,none,none,igual
Tephrosia purpurea,none,none,none,none,igual
Teramnus volubilis,none,none,none,none,igual
Vachellia farnesiana,none,none,none,none,igual
Vigna juruana,none,none,none,none,igual
Vigna lasiocarpa,none,none,none,none,igual
Vigna longifolia,none,none,none,none,igual
Vigna luteola,none,none,none,none,igual
Zornia guanipensis,none,none,none,none,igual
Zornia latifolia,none,none,none,none,igual
Coutoubea ramosa,none,none,none,none,igual
Coutoubea spicata,none,none,none,none,igual
Curtia tenuifolia,none,none,none,none,igual
Irlbachia alata,none,none,none,none,igual
Irlbachia purpurascens,none,none,none,none,igual
Schultesia benthamiana,none,none,none,none,igual
Schultesia brachyptera,none,none,none,none,igual
Schultesia gracilis,none,none,none,none,igual
Schultesia guianensis,none,none,none,none,igual
Schultesia optera,none,none,none,none,igual
Drymonia coccinea,none,none,none,none,igual
Sinningia elatior,none,none,none,none,igual
Schiekia orinocensis,none,none,none,none,igual
Laurembergia tetrandra,none,none,none,none,igual
Myriophyllum aquaticum,none,none,none,none,igual
Myriophyllum elatinoides,none,none,none,none,igual
Proserpinaca palustris,none,none,none,none,igual
Heliconia marginata,none,none,none,none,igual
Heliconia psittacorum,none,none,none,none,igual
Apalanthe granatensis,none,none,none,none,igual
Egeria densa,none,none,none,none,igual
Egeria najas,none,none,none,none,igual
Elodea canadensis,none,none,none,none,igual
Halophila decipiens,none,none,none,none,igual
Hydrilla verticillata,none,none,none,none,igual
Limnobium laevigatum,none,none,none,none,igual
Najas argurta,none,none,none,none,igual
Najas conferta,none,none,none,none,igual
Najas guadalupensis,none,none,none,none,igual
Najas marina,none,none,none,none,igual
Najas microcarpa,none,none,none,none,igual
Najas microdon,none,none,none,none,igual
Ottelia brasiliensis,none,none,none,none,igual
Hydrolea elatior,none,none,none,none,igual
Hydrolea spinosa,none,none,none,none,igual
Hypericum brasiliense,none,none,none,none,igual
Hypericum mutilum,none,none,none,none,igual
Vismia cayennensis,none,none,none,none,igual
Curculigo scorzonerifolia,none,none,none,none,igual
Hypoxis decumbens,none,none,none,none,igual
Cipura paludosa,none,none,none,none,igual
Sisyrinchium micranthum,none,none,none,none,igual
Sisyrinchium vaginatum,none,none,none,none,igual
Isoetes brasiliensis,none,none,none,none,igual
Isoetes ekmanii,none,none,none,none,igual
Juncus acutus,none,none,none,none,igual
Juncus bufonius,none,none,none,none,igual
Juncus capillaceus,none,none,none,none,igual
Juncus densiflorus,none,none,none,none,igual
Juncus dichotomus,none,none,none,none,igual
Juncus dombeyanus,none,none,none,none,igual
Juncus effusus,none,none,none,none,igual
Juncus marginatus,none,none,none,none,igual
Juncus microcephalus,none,none,none,none,igual
Juncus sellowianus,none,none,none,none,igual
Juncus scirpoides,none,none,none,none,igual
Lilaea scilloides,none,none,none,none,igual
Triglochin striata,none,none,none,none,igual
Hyptis atrorubens,none,none,none,none,igual
Hyptis brevipes,none,none,none,none,igual
Hyptis caespitosa,none,none,none,none,igual
Hyptis dilatata,none,none,none,none,igual
Hyptis fasciculata,none,none,none,none,igual
Hyptis lacustris,none,none,none,none,igual
Hyptis lagenaria,none,none,none,none,igual
Hyptis lantaniifolia,none,none,none,none,igual
Hyptis lappacea,none,none,none,none,igual
Hyptis lorentziana,none,none,none,none,igual
Hyptis mutabilis,none,none,none,none,igual
Hyptis parkeri,none,none,none,none,igual
Hyptis recurvata,none,none,none,none,igual
Hyptis spicigera,none,none,none,none,igual
Hyptis suaveolens,none,none,none,none,igual
Hyptis tetracephala,none,none,none,none,igual
Hyptis vilis,none,none,none,none,igual
Marsypianthes chamaedrys,none,none,none,none,igual
Ocimum campechianum,none,none,none,none,igual
Prunella vulgaris,none,none,none,none,igual
Salvia arenaria,none,none,none,none,igual
Salvia scabrida,none,none,none,none,igual
Scutellaria minor,none,none,none,none,igual
Vitex cymosa,none,none,none,none,igual
Vitex megapotamica,none,none,none,none,igual
Cassytha filiformis,none,none,none,none,igual
Genlisea filiformis,none,none,none,none,igual
Utricularia adpressa,none,none,none,none,igual
Utricularia breviscapa,none,none,none,none,igual
Utricularia cucculata,none,none,none,none,igual
Utricularia erectiflora,none,none,none,none,igual
Utricularia fimbriata,none,none,none,none,igual
Utricularia foliosa,none,none,none,none,igual
Utricularia gibba,none,none,none,none,igual
Utricularia guyanensis,none,none,none,none,igual
Utricularia hydrocarpa,none,none,none,none,igual
Utricularia inflata,none,none,none,none,igual
Utricularia juncea,none,none,none,none,igual
Utricularia laciniata,none,none,none,none,igual
Utricularia laxa,none,none,none,none,igual
Utricularia myriocista,none,none,none,none,igual
Utricularia nana,none,none,none,none,igual
Utricularia neottioides,none,none,none,none,igual
Utricularia nervosa,none,none,none,none,igual
Utricularia nigrescens,none,none,none,none,igual
Utricularia olivacea,none,none,none,none,igual
Utricularia physoceras,none,none,none,none,igual
Utricularia praelonga,none,none,none,none,igual
Utricularia poconensis,none,none,none,none,igual
Utricularia pusilla,none,none,none,none,igual
Utricularia reniformis,none,none,none,none,igual
Utricularia simulans,none,none,none,none,igual
Utricularia subulata,none,none,none,none,igual
Utricularia trichophylla,none,none,none,none,igual
Utricularia tricolor,none,none,none,none,igual
Utricularia triloba,none,none,none,none,igual
Utricularia warmingii,none,none,none,none,igual
Lindernia crustacea,none,none,none,none,igual
Lindernia diffusa,none,none,none,none,igual
Lindernia microcalyx,none,none,none,none,igual
Lindernia rotundifolia,none,none,none,none,igual
Torenia thouarsii,none,none,none,none,igual
Spigelia anthelmia,none,none,none,none,igual
Ammannia auriculata,none,none,none,none,igual
Ammannia latifolia,none,none,none,none,igual
Cuphea antisyphilitica,none,none,none,none,igual
Cuphea arenarioides,none,none,none,none,igual
Cuphea campestris,none,none,none,none,igual
Cuphea carthagenensis,none,none,none,none,igual
Cuphea circaeoides,none,none,none,none,igual
Cuphea fruticosa,none,none,none,none,igual
Cuphea ingrata,none,none,none,none,igual
Cuphea melvilla,none,none,none,none,igual
Cuphea racemosa,none,none,none,none,igual
Cuphea repens,none,none,none,none,igual
Cuphea sessiliflora,none,none,none,none,igual
Heimia myrtifolia,none,none,none,none,igual
Lythrum hyssopifolia,none,none,none,none,igual
Pleurophora anomala,none,none,none,none,igual
Rotala mexicana,none,none,none,none,igual
Rotala ramosior,none,none,none,none,igual
Rotala rotundifolia,none,none,none,none,igual
Byrsonima intermedia,none,none,none,none,igual
Byttneria genistella,none,none,none,none,igual
Byttneria palustris,none,none,none,none,igual
Byttneria ramosissima,none,none,none,none,igual
Byttneria scabra,none,none,none,none,igual
Corchorus argutus,none,none,none,none,igual
Corchorus hirtus,none,none,none,none,igual
Helicteres guazumifolia,none,none,none,none,igual
Hibiscus bifurcatus,none,none,none,none,igual
Hibiscus cisplatinus,none,none,none,none,igual
Hibiscus dimidiatus,none,none,none,none,igual
Hibiscus diversifolius,none,none,none,none,igual
Hibiscus furcellatus,none,none,none,none,igual
Hibiscus sororius,none,none,none,none,igual
Hibiscus striatus,none,none,none,none,igual
Malachra radiata,none,none,none,none,igual
Melochia arenosa,none,none,none,none,igual
Melochia graminifolia,none,none,none,none,igual
Melochia hirsuta,none,none,none,none,igual
Melochia simplex,none,none,none,none,igual
Melochia spicata,none,none,none,none,igual
Monteiroa ptarmicifolia,none,none,none,none,igual
Pavonia angustifolia,none,none,none,none,igual
Pavonia cancellata,none,none,none,none,igual
Pavonia grandiflora,none,none,none,none,igual
Pavonia laetevirens,none,none,none,none,igual
Pavonia sessiliflora,none,none,none,none,igual
Sida acuta,none,none,none,none,igual
Sida anomala,none,none,none,none,igual
Sida galheirensis,none,none,none,none,igual
Sida rhombifolia,none,none,none,none,igual
Sida setosa,none,none,none,none,igual
Sida spinosa,none,none,none,none,igual
Sidastrum multiflorum,none,none,none,none,igual
Triumfetta althaeoides,none,none,none,none,igual
Urena lobata,none,none,none,none,igual
Waltheria americana,none,none,none,none,igual
Waltheria indica,none,none,none,none,igual
Calathea capitata,none,none,none,none,igual
Calathea comosa,none,none,none,none,igual
Calathea lanata,none,none,none,none,igual
Calathea loeseneri,none,none,none,none,igual
Calathea micans,none,none,none,none,igual
Ischnosiphon polyphyllus,none,none,none,none,igual
Thalia multiflora,none,none,none,none,igual
Thalia geniculata,none,none,none,none,igual
Mayaca fluviatilis,none,none,none,none,igual
Mayaca kunthii,none,none,none,none,igual
Mayaca longipes,none,none,none,none,igual
Mayaca sellowiana,none,none,none,none,igual
Aciotis acuminifolia,none,none,none,none,igual
Aciotis ornata,none,none,none,none,igual
Acisanthera alsinaefolia,none,none,none,none,igual
Acisanthera divaricarta,none,none,none,none,igual
Acisanthera fluitans,none,none,none,none,igual
Acisanthera limnobios,none,none,none,none,igual
Acisanthera variabilis,none,none,none,none,igual
Cambessedesia hilariana,none,none,none,none,igual
Clidemia capitellata,none,none,none,none,igual
Clidemia hirta,none,none,none,none,igual
Comolia villosa,none,none,none,none,igual
Desmoscelis villosa,none,none,none,none,igual
Lavoisiera umbricata,none,none,none,none,igual
Leandra multiplinervis,none,none,none,none,igual
Maicarea radula,none,none,none,none,igual
Miconia chamissois,none,none,none,none,igual
Microlepis oleifolia,none,none,none,none,igual
Microlicia myrtoidea,none,none,none,none,igual
Pterolepis glomerata,none,none,none,none,igual
Pterolepis repanda,none,none,none,none,igual
Rhynchanthera cordata,none,none,none,none,igual
Rhynchanthera dichotoma,none,none,none,none,igual
Rhynchanthera grandiflora,none,none,none,none,igual
Rhynchanthera hispida,none,none,none,none,igual
Rhynchanthera novemnervia,none,none,none,none,igual
Rhynchanthera serrulata,none,none,none,none,igual
Rhynchanthera verbenoides,none,none,none,none,igual
Tibouchina aspera,none,none,none,none,igual
Tibouchina asperior,none,none,none,none,igual
Tibouchina cerastifolia,none,none,none,none,igual
Tibouchina cisplatensis,none,none,none,none,igual
Tibouchina gracilis,none,none,none,none,igual
Tibouchina herbacea,none,none,none,none,igual
Tibouchina sebastianopolitana,none,none,none,none,igual
Tibouchina semidecandra,none,none,none,none,igual
Tibouchina trichopoda,none,none,none,none,igual
Tibouchina urceolaris,none,none,none,none,igual
Cissampelos andromorpha,none,none,none,none,igual
Cissampelos glaberrima,none,none,none,none,igual
Odontocarya arifolia,none,none,none,none,igual
Odontocarya tamoides,none,none,none,none,igual
Nymphoides grayana,none,none,none,none,igual
Nymphoides humboldtiana,none,none,none,none,igual
Nymphoides indica,none,none,none,none,igual
Glinus radiatus,none,none,none,none,igual
Mollugo verticillata,none,none,none,none,igual
Psidium acutangulum,none,none,none,none,igual
Psidium cattleianum,none,none,none,none,igual
Nymphaea alba,none,none,none,none,igual
Nymphaea amazonum,none,none,none,none,igual
Nymphaea ampla,none,none,none,none,igual
Nymphaea belophylla,none,none,none,none,igual
Nymphaea caerulea,none,none,none,none,igual
Nymphaea capensis,none,none,none,none,igual
Nymphaea gardneriana,none,none,none,none,igual
Nymphaea jamesoniana,none,none,none,none,igual
Nymphaea lasiophylla,none,none,none,none,igual
Nymphaea lingulata,none,none,none,none,igual
Nymphaea lotus,none,none,none,none,igual
Nymphaea mexicana,none,none,none,none,igual
Nymphaea odorata,none,none,none,none,igual
Nymphaea oxypetala,none,none,none,none,igual
Nymphaea prolifera,none,none,none,none,igual
Nymphaea pulchella,none,none,none,none,igual
Nymphaea rubra,none,none,none,none,igual
Nymphaea rudgeana,none,none,none,none,igual
Victoria amazonica,none,none,none,none,igual
Sauvagesia erecta,none,none,none,none,igual
Sauvagesia racemosa,none,none,none,none,igual
Sauvagesia rubiginosa,none,none,none,none,igual
Sauvagesia sprengelii,none,none,none,none,igual
Ludwigia affinis,none,none,none,none,igual
Ludwigia caparosa,none,none,none,none,igual
Ludwigia decurrens,none,none,none,none,igual
Ludwigia densiflora,none,none,none,none,igual
Ludwigia elegans,none,none,none,none,igual
Ludwigia erecta,none,none,none,none,igual
Ludwigia filiformis,none,none,none,none,igual
Ludwigia grandiflora,none,none,none,none,igual
Ludwigia helminthorrhiza,none,none,none,none,igual
Ludwigia hexapetala,none,none,none,none,igual
Ludwigia hyssopifolia,none,none,none,none,igual
Ludwigia inclinata,none,none,none,none,igual
Ludwigia irwinii,none,none,none,none,igual
Ludwigia lagunae,none,none,none,none,igual
Ludwigia leptocarpa,none,none,none,none,igual
Ludwigia linifolia,none,none,none,none,igual
Ludwigia longifolia,none,none,none,none,igual
Ludwigia major,none,none,none,none,igual
Ludwigia multinervia,none,none,none,none,igual
Ludwigia nervosa,none,none,none,none,igual
Ludwigia octovalvis,none,none,none,none,igual
Ludwigia peploides,none,none,none,none,igual
Ludwigia peruviana,none,none,none,none,igual
Ludwigia rigida,none,none,none,none,igual
Ludwigia sedoides,none,none,none,none,igual
Ludwigia sericea,none,none,none,none,igual
Ludwigia suffruticosa,none,none,none,none,igual
Ludwigia tomentosa,none,none,none,none,igual
Ludwigia torulosa,none,none,none,none,igual
Ludwigia uruguayensis,none,none,none,none,igual
Anacheilium alagoense,none,none,none,none,igual
Cleistes gracilis,none,none,none,none,igual
Cyrtopodium paludicolum,none,none,none,none,igual
Epidendrum dendrobioides,none,none,none,none,igual
Erythrodes pumila,none,none,none,none,igual
Eulophia alta,none,none,none,none,igual
Habenaria aricaensis,none,none,none,none,igual
Habenaria brachyphyton,none,none,none,none,igual
Habenaria bractescens,none,none,none,none,igual
Habenaria graciliscarpa,none,none,none,none,igual
Habenaria inconspicua,none,none,none,none,igual
Habenaria johannensis,none,none,none,none,igual
Habenaria nabucoi,none,none,none,none,igual
Habenaria nuda,none,none,none,none,igual
Habenaria parviflora,none,none,none,none,igual
Habenaria pratensis,none,none,none,none,igual
Habenaria repens,none,none,none,none,igual
Habenaria riedelii,none,none,none,none,igual
Habenaria vaupellii,none,none,none,none,igual
Buchnera palustris,none,none,none,none,igual
Buchnera rosea,none,none,none,none,igual
Melasma melampyroides,none,none,none,none,igual
Vellosiella dracocephaloides,none,none,none,none,igual
Oxalis barrelieri,none,none,none,none,igual
Passiflora foetida,none,none,none,none,igual
Passiflora vespertilio,none,none,none,none,igual
Piriqueta cistoides,none,none,none,none,igual
Piriqueta duarteana,none,none,none,none,igual
Piriqueta racemosa,none,none,none,none,igual
Turnera scabra,none,none,none,none,igual
Sesamum indicum,none,none,none,none,igual
Phyllanthus fluitans,none,none,none,none,igual
Phyllanthus hyssopifolioloides,none,none,none,none,igual
Phyllanthus niruri,none,none,none,none,igual
Phyllanthus sellowianus,none,none,none,none,igual
Phyllanthus stipulatus,none,none,none,none,igual
Phytolacca thyrsiflora,none,none,none,none,igual
Piper caldense,none,none,none,none,igual
Piper fuligineum,none,none,none,none,igual
Achetaria ocymoides,none,none,none,none,igual
Angelonia gardneri,none,none,none,none,igual
Bacopa aquatica,none,none,none,none,igual
Bacopa arenaria,none,none,none,none,igual
Bacopa egensis,none,none,none,none,igual
Bacopa lanigera,none,none,none,none,igual
Bacopa monnieri,none,none,none,none,igual
Bacopa rotundifolia,none,none,none,none,igual
Bacopa salzmannii,none,none,none,none,igual
Bacopa serpylloides,none,none,none,none,igual
Bacopa stricta,none,none,none,none,igual
Bcopa reflexa,none,none,none,none,igual
Callitriche deflexa,none,none,none,none,igual
Callitriche rimosa,none,none,none,none,igual
Conobea aquatica,none,none,none,none,igual
Gratiola peruviana,none,none,none,none,igual
Mecardonia procumbens,none,none,none,none,igual
Mecardonia serpylloides,none,none,none,none,igual
Micranthemum umbrosum,none,none,none,none,igual
Plantago australis,none,none,none,none,igual
Scoparia dulcis,none,none,none,none,igual
Scoparia montevidensis,none,none,none,none,igual
Stemodia durantifolia,none,none,none,none,igual
Stemodia maritima,none,none,none,none,igual
Stemodia pratensis,none,none,none,none,igual
Limonium brasiliense,none,none,none,none,igual
Acroceras zizanioides,none,none,none,none,igual
Agrostis palustris,none,none,none,none,igual
Andropogon bicornis,none,none,none,none,igual
Andropogon leucostachyus,none,none,none,none,igual
Andropogon selloanus,none,none,none,none,igual
Andropogon virgatus,none,none,none,none,igual
Anthephora hermaphrodita,none,none,none,none,igual
Axonopus brasiliensis,none,none,none,none,igual
Axonopus leptostachyus,none,none,none,none,igual
Axonopus purpusii,none,none,none,none,igual
Bambusa trinii,none,none,none,none,igual
Brachiaria brizantha,none,none,none,none,igual
Brachiaria decumbens,none,none,none,none,igual
Brachiaria mutica,none,none,none,none,igual
Brachiaria plantaginea,Brachiaria plantaginea,sinonimo,Brachiaria plantaginea (Link) Hitchc.,nome aceito,diferente
Cenchrus echinatus,none,none,none,none,igual
Cenchrus purpureus,none,none,none,none,igual
Chloris barbata,none,none,none,none,igual
Chloris exilis,none,none,none,none,igual
Coix lacryma-jobi,none,none,none,none,igual
Cynodon dactylon,none,none,none,none,igual
Dactyloctenium aegyptium,none,none,none,none,igual
Digitaria ciliaris,none,none,none,none,igual
Digitaria horizontalis,none,none,none,none,igual
Digitaria violascens,none,none,none,none,igual
Dinebra scabra,none,none,none,none,igual
Echinochloa crusgalli,none,none,none,none,igual
Echinochloa crus-pavonis,none,none,none,none,igual
Echinochloa polystachya,none,none,none,none,igual
Echinochloa colona,none,none,none,none,igual
Eleusine indica,none,none,none,none,igual
Eragrostis acutiflora,none,none,none,none,igual
Eragrostis bahiensis,none,none,none,none,igual
Eragrostis ciliaris,none,none,none,none,igual
Eragrostis hypnoides,none,none,none,none,igual
Eragrostis japonica,none,none,none,none,igual
Eragrostis pilosa,none,none,none,none,igual
Eragrostis tenella,none,none,none,none,igual
Eriochloa distachya,none,none,none,none,igual
Eriochloa punctata,none,none,none,none,igual
Eriochrysis cayennensis,none,none,none,none,igual
Gynerium sagittatum,none,none,none,none,igual
Heleochloa schoenoides,none,none,none,none,igual
Homolepis aturensis,none,none,none,none,igual
Homolepis isocalycia,none,none,none,none,igual
Hymenachne donacifolia,none,none,none,none,igual
Hymenachne amplexicaulis,none,none,none,none,igual
Hypoginum virgatum,none,none,none,none,igual
Imperata brasiliensis,none,none,none,none,igual
Imperata tenuis,none,none,none,none,igual
Isachne polygonoides,none,none,none,none,igual
Ischaemum guianense,none,none,none,none,igual
Ischaemum minus,none,none,none,none,igual
Lasiacis procerrima,none,none,none,none,igual
Leersia hexandra,none,none,none,none,igual
Leptochloa fascicularis,none,none,none,none,igual
Leptochloa virgata,none,none,none,none,igual
Leptocoryphium lanatum,none,none,none,none,igual
Luziola bahiensis,none,none,none,none,igual
Luziola brasiliana,none,none,none,none,igual
Luziola fragilis,none,none,none,none,igual
Luziola peruviana,none,none,none,none,igual
Luziola spruceana,none,none,none,none,igual
Luziola subintegra,none,none,none,none,igual
Megathyrsus maximus,none,none,none,none,igual
Mesosetum loliiforme,none,none,none,none,igual
Olyra ecaudata,none,none,none,none,igual
Olyra longifolia,none,none,none,none,igual
Oryza glumaepatula,none,none,none,none,igual
Oryza grandiglumis,none,none,none,none,igual
Oryza latifolia,none,none,none,none,igual
Oryza sativa,none,none,none,none,igual
Otachyrium succisum,none,none,none,none,igual
Otachyrium versicolor,none,none,none,none,igual
Panicum aquaticum,none,none,none,none,igual
Panicum boliviense,none,none,none,none,igual
Panicum dichotomiflorum,none,none,none,none,igual
Panicum elephantipes,none,none,none,none,igual
Panicum grande,none,none,none,none,igual
Panicum grumosum,none,none,none,none,igual
Panicum helobium,none,none,none,none,igual
Panicum laxum,none,none,none,none,igual
Panicum maximum,none,none,none,none,igual
Panicum mertensii,none,none,none,none,igual
Panicum milleflorum,none,none,none,none,igual
Panicum parvifolium,none,none,none,none,igual
Panicum pernambuncense,none,none,none,none,igual
Panicum prionitis,none,none,none,none,igual
Panicum repens,none,none,none,none,igual
Panicum rivulare,none,none,none,none,igual
Panicum sabulorum,none,none,none,none,igual
Panicum schwackeanum,none,none,none,none,igual
Paratheria prostrata,none,none,none,none,igual
Pariana campestris,none,none,none,none,igual
Paspalidium paludivagum,none,none,none,none,igual
Paspalidium geminatum,none,none,none,none,igual
Paspalum acuminatum,none,none,none,none,igual
Paspalum boscianum,none,none,none,none,igual
Paspalum conjugatum,none,none,none,none,igual
Paspalum conspersum,none,none,none,none,igual
Paspalum coryphaeum,none,none,none,none,igual
Paspalum densum,none,none,none,none,igual
Paspalum denticulatum,none,none,none,none,igual
Paspalum distichum,none,none,none,none,igual
Paspalum fasciculatum,none,none,none,none,igual
Paspalum glaucescens,none,none,none,none,igual
Paspalum hydrophyllum,none,none,none,none,igual
Paspalum ligulare,none,none,none,none,igual
Paspalum melanospermum,none,none,none,none,igual
Paspalum millegrana,none,none,none,none,igual
Paspalum morichalense,none,none,none,none,igual
Paspalum orbiculatum,none,none,none,none,igual
Paspalum pulchellum,none,none,none,none,igual
Paspalum pumilum,none,none,none,none,igual
Paspalum repens,none,none,none,none,igual
Paspalum trichophyllum,none,none,none,none,igual
Paspalum vaginatum,none,none,none,none,igual
Paspalum virgatum,none,none,none,none,igual
Paspalum wrightii,none,none,none,none,igual
Pennisetum purpureum,none,none,none,none,igual
Poidium calotheca,none,none,none,none,igual
Polypogon elongatus,none,none,none,none,igual
Raddiella esenbeckii,none,none,none,none,igual
Rhytachne rottboellioides,none,none,none,none,igual
Reimarochloa aberrans,none,none,none,none,igual
Reimarochloa acuta,Reimarochloa acuta (Flgg) Hitchc.,nome aceito,Reimarochloa acuta (Flgg) Hitchc.,nome aceito,igual
Reimarochloa brasiliensis,none,none,Reimarochloa brasiliensis (Spreng.) Hitchc.,sinonimo,diferente
Rugoloa hylaeica,none,none,none,none,igual
Rugoloa pilosa,none,none,none,none,igual
Rugoloa polygonata,none,none,none,none,igual
Sacciolepis striata,none,none,none,none,igual
Sacciolepis vilvoides,none,none,none,none,igual
Sacciolepis myuros,Sacciolepis myuros (Lam.) Chase,nome aceito,Sacciolepis myuros (Lam.) Chase,nome aceito,igual
Spartina alterniflora,none,none,none,none,igual
Spartina densiflora,none,none,none,none,igual
Setaria pauciflora,none,none,none,none,igual
Setaria parviflora,none,none,none,none,igual
Sorghastrum setosum,none,none,none,none,igual
Sorghum bicolor,none,none,none,none,igual
Sporobolus virginicus,none,none,none,none,igual
Sporobolus indicus,none,none,none,none,igual
Steinchisma laxa,none,none,none,none,igual
Steinchisma laxum,none,none,none,none,igual
Steinchisma decipiens,none,none,none,none,igual
Stephostachys mertensii,none,none,none,none,igual
Trichanthecium cyanenscens,none,none,none,none,igual
Trichanthecium micranthum,none,none,none,none,igual
Trichanthecium nervosum,none,none,none,none,igual
Trichanthecium parvifolium,none,none,none,none,igual
Trichanthecium pyrularium,none,none,none,none,igual
Urochloa humidicola,none,none,none,none,igual
Urochloa plantaginea,Urochloa plantaginea (Link) R.D.Webster,nome aceito,Urochloa plantaginea (Link) R.D.Webster,sinonimo,diferente
Urochloa subquadripara,none,none,none,none,igual
Zizaniopsis bonariensis,none,none,none,none,igual
